82e6e2a2-dfe9-435e-b47f-2627b3b15270;William
0366fb48-0ec5-4076-9eb1-fd104f85de4e;Andrew
86e3e573-4b44-48e4-84e8-25fd2cb9be87;Joshua
2b3a7f05-81b4-4558-87e4-8cafc87363eb;Alexander
8fac40bb-e687-45df-868a-cdcd26b38b2a;Mason
41417888-f74e-4edb-9d23-6615980b1110;Andrew
a01689fc-81de-4542-ae98-ec54af95c87d;Andrew
4286936e-53b8-4545-9f3f-efc6190220e3;Joshua
11d63e8e-7e0b-4e22-b0dd-ef16c5af119f;Matthew
7ca1561e-8e67-4c93-bece-caf45b389a6a;Daniel
c8110b0a-5f7c-4f46-a562-070b884e19d0;Michael
23de9596-e3f8-41d8-a260-2ec29a99fb33;Liam
573fdfa8-fd5f-43fe-972c-3d2467af077a;Andrew
aacdd544-c94c-4790-9b35-4d8b318b41f1;David
a519ab42-3dca-4578-8f5b-a506dd8dd16a;Michael
f1130a3a-ba2c-4644-ab90-4c36f66472b4;Alexander
26b55780-3f2a-4292-9dab-3263e3fae314;Liam
57b66735-07a7-4699-bfcc-6c3bdf9d4374;Daniel
6ff9e551-d555-427f-a905-a7ce440d27cb;Benjamin
c0e59c27-8537-4d54-afdd-c8793783aef0;David
4f76e91e-89b0-4ecd-a493-be6990093950;Anthony
1411f22f-295d-4454-aa7e-0597f31b3f48;Joshua
df0d4ba2-79a9-41de-bdf5-3c9e182b3abc;Alexander
4b31760b-0610-4497-bafd-017cb21642f9;Jacob
aef7c824-e930-4232-8755-c133bad77ba5;Aiden
373dc754-a9ee-49ec-b43c-05da37d6078c;Anthony
117a40fe-8c45-4ed3-b478-9052236398be;Jayden
0cb6eef6-4a49-4558-9e23-6fc10d45590b;Joshua
319f3ede-11b9-40c4-92fb-6298572582c6;Aiden
49274ae9-30e8-4575-82b1-c9484c9fe225;Mason
d06dddc6-4daf-4826-b911-18ee122ad3ce;Daniel
73d13203-fa1c-4e6c-9cf5-73969434dfe9;Ethan
db0c1ca0-0ee3-4f0a-bc9c-a69212defc4c;Andrew
8cd45c4c-5fbe-4afc-b4ad-2bdc398fddff;Anthony
3d987f1c-d486-42ce-9116-afa7cb4528b3;Matthew
cc3a9578-3428-42de-bb3e-29a048a18267;Jayden
e3fd3d64-e3d6-417c-ba5d-b4396114c9a1;Jacob
3e88165c-313e-4d69-933f-f73b25be067a;Joshua
676a74d9-050f-48cd-ace3-f6d252a8d8cf;Ethan
b2cf9bfa-8cc3-4cf8-af70-88f5e7293719;Daniel
ac752f5a-3c1f-4b1c-8e5e-b54b6abf4ec2;Mason
4721cee9-e0b1-431c-a0d4-8c074a50749a;Joseph
1b20b0d8-bc07-4f1e-9f55-23338cdd120c;Jacob
630b96f2-fbd8-42d9-85a8-192019c9d667;Jacob
e5bb3036-ab1c-4b08-87e0-ec3e0e2f957c;Ethan
c697a649-9ca4-45a3-9084-f0abffede925;Michael
4520fbf5-fdf7-4ab7-9cc2-e44c1a93e48d;Benjamin
6a564af8-3f9c-4637-a20a-6b79a9da4822;James
624bab40-da10-4ebf-a738-eccf5b0315f4;Daniel
773d7af5-f761-472d-989d-5bf34a075b46;Joshua
4a7d21b8-26d6-49de-85d4-71c943c7d492;James
a1abbed1-895b-4c3e-938e-bc5e820b7758;Joseph
d94356ef-3a62-44e1-b49a-6535089e8d13;Andrew
709a63e9-8ffc-4d1e-b999-7984e151853d;Jacob
257057fd-7be2-4637-a657-a42173b968bf;Joshua
d126af5f-40a2-4c91-83b7-270a2c7b525c;Michael
16655808-5f8d-405e-b424-af18162f7599;Michael
92aeac27-de61-4f28-8288-74cde834d7cd;Daniel
4dd6beab-b628-456d-befc-afab422a511a;Alexander
4c503524-40b5-44aa-a290-d0e2d6670663;Joshua
6cb125d6-5a54-4875-867c-56157f9942b8;Daniel
49cf9e41-dc7b-41cf-b51b-73254f5cf8f3;Jacob
81b4caf5-bc2c-47ed-ae85-7f795e49e961;Liam
f0594182-0673-4323-bfec-8b9c5ee8ff8f;Daniel
9fa01db0-f4a4-4768-8753-7cec0f87a863;Liam
6032dabd-74f5-432b-bb62-9ae2da85df9f;David
3205551f-4ff8-4f8f-8b21-b4c08a8fc29d;Mason
8ca68586-093b-4d69-b77c-38aaccf08073;Elijah
489c437e-ad94-42db-a3d5-4b08795cdf6b;Jacob
8eded40f-9822-42b8-a17e-8f3c4192bf29;Alexander
61c8ff6a-6c43-4cfa-9fff-6e2955bfe53e;Daniel
51088a0d-bc57-4760-93ed-ad34a4b91763;Elijah
4200a1c7-1f8e-4c4c-8c11-be1a3d737ffe;William
53b30e19-b16a-4f48-b130-476cc3e0ddb1;Alexander
81f00b1f-af56-4c03-a1e5-cf0d0cee4f83;Alexander
e0b9bbe7-de22-4959-86fa-17211a597afa;William
7afc7da1-ec8d-4ab2-af38-4cbc4d189dc4;Liam
360335e5-e8c5-4909-a87a-41ccac239fa8;David
d0b65b27-78bd-4432-9a31-523ee3654060;Jayden
761077c3-eb62-45a3-a90c-743f155e12f0;Mason
ee55e18a-25f2-44d4-a68e-f80f5e035531;Mason
4fe1aee0-6fab-4794-b17e-fc96c4577ba3;Matthew
b397c266-3fec-49d1-8bec-681d6a4c323f;Matthew
e5ecfcb0-bb63-490c-a57b-306ed34ec4c5;Mason
877f5620-910f-4d3d-be73-5527d32897fd;Aiden
26af3d80-1c5d-42f6-b108-af1dda04b132;Andrew
3655eae9-49f2-4d46-a104-25cc82b8fd7f;Anthony
5cb7294e-877c-49b9-88d9-53977067a1ff;Liam
5237a372-03f0-40c5-b2d3-6f4f24e28521;Alexander
f25288c9-e9cc-43fe-8951-daf492f19380;Ethan
fb864965-f585-4414-b45c-1587ab4b657c;Jayden
bc59fd48-7e41-44be-9d2c-e1604c21e37e;Benjamin
461dca7f-2c74-46e6-8e18-f51fbe14a918;Jayden
b6f7af7b-c929-4087-b100-3dbbb28c67b3;Mason
d7fc8361-add5-41d3-adb9-c6688fed212b;Anthony
8aad19de-1bd6-471d-8292-094163559bcb;Aiden
8f5b8c21-d571-4c08-a3f4-8205fc368d38;Andrew
917a5bf5-4832-4695-8641-2e3781e59508;Alexander
cbfec2b8-4509-4929-b141-727de7187707;Joseph
80b32bfb-7345-41e5-84fe-a71d592a1cda;Benjamin